CountyState,CountyLatLong,CountyName,State,Lat,Long
"ABBEVILLE County ,SC","ABBEVILLE County ,SC,34.189122,-82.475276",ABBEVILLE County ,SC,34.189122,-82.475276
"ACADIA County ,LA","ACADIA County ,LA,30.229735,-92.381362",ACADIA County ,LA,30.229735,-92.381362
"ACCOMACK County ,VA","ACCOMACK County ,VA,37.706332,-75.806908",ACCOMACK County ,VA,37.706332,-75.806908
"ADA County ,ID","ADA County ,ID,43.478767,-116.24203",ADA County ,ID,43.478767,-116.24203
"ADAIR County ,IA","ADAIR County ,IA,41.274173,-94.479976",ADAIR County ,IA,41.274173,-94.479976
"ADAIR County ,KY","ADAIR County ,KY,37.076403,-85.313622",ADAIR County ,KY,37.076403,-85.313622
"ADAIR County ,MO","ADAIR County ,MO,40.199366,-92.539603",ADAIR County ,MO,40.199366,-92.539603
"ADAIR County ,OK","ADAIR County ,OK,35.912731,-94.645035",ADAIR County ,OK,35.912731,-94.645035
"ADAMS County ,CO","ADAMS County ,CO,39.839827,-104.193092",ADAMS County ,CO,39.839827,-104.193092
"ADAMS County ,IA","ADAMS County ,IA,41.065207,-94.686378",ADAMS County ,IA,41.065207,-94.686378
"ADAMS County ,ID","ADAMS County ,ID,44.988256,-116.491609",ADAMS County ,ID,44.988256,-116.491609
"ADAMS County ,IL","ADAMS County ,IL,40.057769,-91.135302",ADAMS County ,IL,40.057769,-91.135302
"ADAMS County ,IN","ADAMS County ,IN,40.724924,-84.898478",ADAMS County ,IN,40.724924,-84.898478
"ADAMS County ,MS","ADAMS County ,MS,31.530535,-91.289104",ADAMS County ,MS,31.530535,-91.289104
"ADAMS County ,ND","ADAMS County ,ND,46.059459,-102.51791",ADAMS County ,ND,46.059459,-102.51791
"ADAMS County ,NE","ADAMS County ,NE,40.559623,-98.572102",ADAMS County ,NE,40.559623,-98.572102
"ADAMS County ,OH","ADAMS County ,OH,38.838323,-83.480664",ADAMS County ,OH,38.838323,-83.480664
"ADAMS County ,PA","ADAMS County ,PA,39.852242,-77.286488",ADAMS County ,PA,39.852242,-77.286488
"ADAMS County ,WA","ADAMS County ,WA,46.927224,-118.51098",ADAMS County ,WA,46.927224,-118.51098
"ADAMS County ,WI","ADAMS County ,WI,44.019696,-89.775534",ADAMS County ,WI,44.019696,-89.775534
"ADDISON County ,VT","ADDISON County ,VT,44.119729,-73.164338",ADDISON County ,VT,44.119729,-73.164338
"AIKEN County ,SC","AIKEN County ,SC,33.600578,-81.603506",AIKEN County ,SC,33.600578,-81.603506
"AITKIN County ,MN","AITKIN County ,MN,46.618543,-93.453669",AITKIN County ,MN,46.618543,-93.453669
"ALACHUA County ,FL","ALACHUA County ,FL,29.657955,-82.301773",ALACHUA County ,FL,29.657955,-82.301773
"ALAMANCE County ,NC","ALAMANCE County ,NC,36.011739,-79.425378",ALAMANCE County ,NC,36.011739,-79.425378
"ALAMEDA County ,CA","ALAMEDA County ,CA,37.601689,-121.719546",ALAMEDA County ,CA,37.601689,-121.719546
"ALAMOSA County ,CO","ALAMOSA County ,CO,37.654039,-105.876004",ALAMOSA County ,CO,37.654039,-105.876004
"ALBANY County ,NY","ALBANY County ,NY,42.57568,-73.935982",ALBANY County ,NY,42.57568,-73.935982
"ALBANY County ,WY","ALBANY County ,WY,41.638448,-105.594339",ALBANY County ,WY,41.638448,-105.594339
"ALBEMARLE County ,VA","ALBEMARLE County ,VA,38.056709,-78.6115",ALBEMARLE County ,VA,38.056709,-78.6115
"ALCONA County ,MI","ALCONA County ,MI,44.672794,-83.60224",ALCONA County ,MI,44.672794,-83.60224
"ALCORN County ,MS","ALCORN County ,MS,34.898468,-88.595175",ALCORN County ,MS,34.898468,-88.595175
"ALEXANDER County ,IL","ALEXANDER County ,IL,37.167016,-89.36063",ALEXANDER County ,IL,37.167016,-89.36063
"ALEXANDER County ,NC","ALEXANDER County ,NC,35.89742,-81.207816",ALEXANDER County ,NC,35.89742,-81.207816
"ALEXANDRIA CITY County ,VA","ALEXANDRIA CITY County ,VA,38.804836,-77.046921",ALEXANDRIA CITY County ,VA,38.804836,-77.046921
"ALFALFA County ,OK","ALFALFA County ,OK,36.743592,-98.396494",ALFALFA County ,OK,36.743592,-98.396494
"ALGER County ,MI","ALGER County ,MI,46.424618,-86.490452",ALGER County ,MI,46.424618,-86.490452
"ALLAMAKEE County ,IA","ALLAMAKEE County ,IA,43.243075,-91.443469",ALLAMAKEE County ,IA,43.243075,-91.443469
"ALLEGAN County ,MI","ALLEGAN County ,MI,42.593874,-85.908443",ALLEGAN County ,MI,42.593874,-85.908443
"ALLEGANY County ,MD","ALLEGANY County ,MD,39.625525,-78.6115",ALLEGANY County ,MD,39.625525,-78.6115
"ALLEGANY County ,NY","ALLEGANY County ,NY,42.312982,-78.019539",ALLEGANY County ,NY,42.312982,-78.019539
"ALLEGHANY County ,NC","ALLEGHANY County ,NC,36.494084,-81.119608",ALLEGHANY County ,NC,36.494084,-81.119608
"ALLEGHANY County ,VA","ALLEGHANY County ,VA,37.853198,-80.053492",ALLEGHANY County ,VA,37.853198,-80.053492
"ALLEGHENY County ,PA","ALLEGHENY County ,PA,40.445081,-80.008775",ALLEGHENY County ,PA,40.445081,-80.008775
"ALLEN County ,IN","ALLEN County ,IN,41.093262,-85.023346",ALLEN County ,IN,41.093262,-85.023346
"ALLEN County ,KS","ALLEN County ,KS,37.943585,-95.31025",ALLEN County ,KS,37.943585,-95.31025
"ALLEN County ,KY","ALLEN County ,KY,36.765047,-86.21585",ALLEN County ,KY,36.765047,-86.21585
"ALLEN County ,LA","ALLEN County ,LA,30.588748,-92.85771",ALLEN County ,LA,30.588748,-92.85771
"ALLEN County ,OH","ALLEN County ,OH,40.769946,-84.143514",ALLEN County ,OH,40.769946,-84.143514
"ALLENDALE County ,SC","ALLENDALE County ,SC,33.00597,-81.383933",ALLENDALE County ,SC,33.00597,-81.383933
"ALPENA County ,MI","ALPENA County ,MI,45.031721,-83.540541",ALPENA County ,MI,45.031721,-83.540541
"ALPINE County ,CA","ALPINE County ,CA,38.594074,-119.88152",ALPINE County ,CA,38.594074,-119.88152
"AMADOR County ,CA","AMADOR County ,CA,38.348892,-120.774093",AMADOR County ,CA,38.348892,-120.774093
"AMELIA County ,VA","AMELIA County ,VA,37.321271,-77.973865",AMELIA County ,VA,37.321271,-77.973865
"AMHERST County ,VA","AMHERST County ,VA,37.558829,-79.10969",AMHERST County ,VA,37.558829,-79.10969
"AMITE County ,MS","AMITE County ,MS,31.16838,-90.8294",AMITE County ,MS,31.16838,-90.8294
"ANCHORAGE County ,AK","ANCHORAGE County ,AK,61.132589,-149.371451",ANCHORAGE County ,AK,61.132589,-149.371451
"ANDERSON County ,KS","ANDERSON County ,KS,38.280933,-95.31025",ANDERSON County ,KS,38.280933,-95.31025
"ANDERSON County ,KY","ANDERSON County ,KY,37.998648,-84.981754",ANDERSON County ,KY,37.998648,-84.981754
"ANDERSON County ,SC","ANDERSON County ,SC,34.552833,-82.648344",ANDERSON County ,SC,34.552833,-82.648344
"ANDERSON County ,TN","ANDERSON County ,TN,36.080957,-84.22788",ANDERSON County ,TN,36.080957,-84.22788
"ANDERSON County ,TX","ANDERSON County ,TX,31.776932,-95.645795",ANDERSON County ,TX,31.776932,-95.645795
"ANDREW County ,MO","ANDREW County ,MO,39.963744,-94.810595",ANDREW County ,MO,39.963744,-94.810595
"ANDREWS County ,TX","ANDREWS County ,TX,32.342627,-102.713512",ANDREWS County ,TX,32.342627,-102.713512
"ANDROSCOGGIN County ,ME","ANDROSCOGGIN County ,ME,44.191242,-70.170704",ANDROSCOGGIN County ,ME,44.191242,-70.170704
"ANGELINA County ,TX","ANGELINA County ,TX,31.27047,-94.645035",ANGELINA County ,TX,31.27047,-94.645035
"ANNE ARUNDEL County ,MD","ANNE ARUNDEL County ,MD,38.953011,-76.548823",ANNE ARUNDEL County ,MD,38.953011,-76.548823
"ANOKA County ,MN","ANOKA County ,MN,45.329283,-93.2197",ANOKA County ,MN,45.329283,-93.2197
"ANSON County ,NC","ANSON County ,NC,34.905473,-80.187506",ANSON County ,NC,34.905473,-80.187506
"ANTELOPE County ,NE","ANTELOPE County ,NE,42.190245,-98.046518",ANTELOPE County ,NE,42.190245,-98.046518
"ANTRIM County ,MI","ANTRIM County ,MI,44.973044,-85.176909",ANTRIM County ,MI,44.973044,-85.176909
"APACHE County ,AZ","APACHE County ,AZ,35.531322,-109.378321",APACHE County ,AZ,35.531322,-109.378321
"APPANOOSE County ,IA","APPANOOSE County ,IA,40.68061,-92.85771",APPANOOSE County ,IA,40.68061,-92.85771
"APPLING County ,GA","APPLING County ,GA,31.712238,-82.25833",APPLING County ,GA,31.712238,-82.25833
"APPOMATTOX County ,VA","APPOMATTOX County ,VA,37.402489,-78.792953",APPOMATTOX County ,VA,37.402489,-78.792953
"ARANSAS County ,TX","ARANSAS County ,TX,28.076126,-96.963862",ARANSAS County ,TX,28.076126,-96.963862
"ARAPAHOE County ,CO","ARAPAHOE County ,CO,39.62031,-104.332644",ARAPAHOE County ,CO,39.62031,-104.332644
"ARAPAHOE County ,CO","ARAPAHOE County ,CO,39.62031,-104.332644",ARAPAHOE County ,CO,39.62031,-104.332644
"ARCHER County ,TX","ARCHER County ,TX,33.576151,-98.748117",ARCHER County ,TX,33.576151,-98.748117
"ARCHULETA County ,CO","ARCHULETA County ,CO,37.160432,-107.006703",ARCHULETA County ,CO,37.160432,-107.006703
"ARENAC County ,MI","ARENAC County ,MI,43.997336,-83.677393",ARENAC County ,MI,43.997336,-83.677393
"ARKANSAS County ,AR","ARKANSAS County ,AR,34.235414,-91.289104",ARKANSAS County ,AR,34.235414,-91.289104
"ARLINGTON County ,VA","ARLINGTON County ,VA,38.881621,-77.090981",ARLINGTON County ,VA,38.881621,-77.090981
"ARMSTRONG County ,PA","ARMSTRONG County ,PA,40.879052,-79.470389",ARMSTRONG County ,PA,40.879052,-79.470389
"ARMSTRONG County ,TX","ARMSTRONG County ,TX,34.937162,-101.433915",ARMSTRONG County ,TX,34.937162,-101.433915
"AROOSTOOK County ,ME","AROOSTOOK County ,ME,46.819941,-68.476606",AROOSTOOK County ,ME,46.819941,-68.476606
"ASCENSION County ,LA","ASCENSION County ,LA,30.20173,-90.943847",ASCENSION County ,LA,30.20173,-90.943847
"ASHE County ,NC","ASHE County ,NC,36.433967,-81.471839",ASHE County ,NC,36.433967,-81.471839
"ASHLAND County ,OH","ASHLAND County ,OH,40.943559,-82.301773",ASHLAND County ,OH,40.943559,-82.301773
"ASHLAND County ,WI","ASHLAND County ,WI,46.979497,-90.482489",ASHLAND County ,WI,46.979497,-90.482489
"ASHLEY County ,AR","ASHLEY County ,AR,33.156594,-91.753882",ASHLEY County ,AR,33.156594,-91.753882
"ASHTABULA County ,OH","ASHTABULA County ,OH,41.939698,-80.721442",ASHTABULA County ,OH,41.939698,-80.721442
"ASOTIN County ,WA","ASOTIN County ,WA,46.146012,-117.208521",ASOTIN County ,WA,46.146012,-117.208521
"ASSUMPTION County ,LA","ASSUMPTION County ,LA,29.923254,-91.09694",ASSUMPTION County ,LA,29.923254,-91.09694
"ATASCOSA County ,TX","ATASCOSA County ,TX,28.866128,-98.572102",ATASCOSA County ,TX,28.866128,-98.572102
"ATCHISON County ,KS","ATCHISON County ,KS,39.570114,-95.352088",ATCHISON County ,KS,39.570114,-95.352088
"ATCHISON County ,MO","ATCHISON County ,MO,40.423896,-95.477781",ATCHISON County ,MO,40.423896,-95.477781
"ATHENS County ,OH","ATHENS County ,OH,39.303031,-82.12784",ATHENS County ,OH,39.303031,-82.12784
"ATKINSON County ,GA","ATKINSON County ,GA,31.293216,-82.864062",ATKINSON County ,GA,31.293216,-82.864062
"ATLANTIC County ,NJ","ATLANTIC County ,NJ,39.533338,-74.686882",ATLANTIC County ,NJ,39.533338,-74.686882
"ATOKA County ,OK","ATOKA County ,OK,34.45099,-95.983258",ATOKA County ,OK,34.45099,-95.983258
"ATTALA County ,MS","ATTALA County ,MS,33.168327,-89.625165",ATTALA County ,MS,33.168327,-89.625165
"AUDRAIN County ,MO","AUDRAIN County ,MO,39.221953,-91.909924",AUDRAIN County ,MO,39.221953,-91.909924
"AUDUBON County ,IA","AUDUBON County ,IA,41.732683,-94.976654",AUDUBON County ,IA,41.732683,-94.976654
"AUGLAIZE County ,OH","AUGLAIZE County ,OH,40.578156,-84.354205",AUGLAIZE County ,OH,40.578156,-84.354205
"AUGUSTA County ,VA","AUGUSTA County ,VA,38.200456,-79.245115",AUGUSTA County ,VA,38.200456,-79.245115
"AUSTIN County ,TX","AUSTIN County ,TX,29.871129,-96.280086",AUSTIN County ,TX,29.871129,-96.280086
"AUTAUGA County ,AL","AUTAUGA County ,AL,32.579182,-86.499655",AUTAUGA County ,AL,32.579182,-86.499655
"AVERY County ,NC","AVERY County ,NC,36.119841,-81.909826",AVERY County ,NC,36.119841,-81.909826
"AVOYELLES County ,LA","AVOYELLES County ,LA,30.971182,-92.06652",AVOYELLES County ,LA,30.971182,-92.06652
"BACA County ,CO","BACA County ,CO,37.394731,-102.529803",BACA County ,CO,37.394731,-102.529803
"BACON County ,GA","BACON County ,GA,31.541209,-82.43194",BACON County ,GA,31.541209,-82.43194
"BAILEY County ,TX","BAILEY County ,TX,34.091306,-102.89751",BAILEY County ,TX,34.091306,-102.89751
"BAKER County ,FL","BAKER County ,FL,30.393117,-82.301773",BAKER County ,FL,30.393117,-82.301773
"BAKER County ,GA","BAKER County ,GA,31.281604,-84.480261",BAKER County ,GA,31.281604,-84.480261
"BAKER County ,OR","BAKER County ,OR,44.76523,-117.67692",BAKER County ,OR,44.76523,-117.67692
"BALDWIN County ,AL","BALDWIN County ,AL,30.601074,-87.776333",BALDWIN County ,AL,30.601074,-87.776333
"BALDWIN County ,GA","BALDWIN County ,GA,33.033808,-83.293409",BALDWIN County ,GA,33.033808,-83.293409
"BALLARD County ,KY","BALLARD County ,KY,37.035987,-89.017933",BALLARD County ,KY,37.035987,-89.017933
"BALTIMORE CITY County ,MD","BALTIMORE CITY County ,MD,39.399494,-76.60685",BALTIMORE CITY County ,MD,39.399494,-76.60685
"BALTIMORE County ,MD","BALTIMORE County ,MD,39.464767,-76.733652",BALTIMORE County ,MD,39.464767,-76.733652
"BAMBERG County ,SC","BAMBERG County ,SC,33.20744,-81.075466",BAMBERG County ,SC,33.20744,-81.075466
"BANDERA County ,TX","BANDERA County ,TX,29.740414,-99.278558",BANDERA County ,TX,29.740414,-99.278558
"BANKS County ,GA","BANKS County ,GA,34.378542,-83.464355",BANKS County ,GA,34.378542,-83.464355
"BANNOCK County ,ID","BANNOCK County ,ID,42.583636,-112.143022",BANNOCK County ,ID,42.583636,-112.143022
"BARAGA County ,MI","BARAGA County ,MI,46.735276,-88.30104",BARAGA County ,MI,46.735276,-88.30104
"BARBER County ,KS","BARBER County ,KS,37.229979,-98.748117",BARBER County ,KS,37.229979,-98.748117
"BARBOUR County ,AL","BARBOUR County ,AL,31.81729,-85.354965",BARBOUR County ,AL,31.81729,-85.354965
"BARBOUR County ,WV","BARBOUR County ,WV,39.139869,-80.008775",BARBOUR County ,WV,39.139869,-80.008775
"BARNES County ,ND","BARNES County ,ND,46.926176,-98.122234",BARNES County ,ND,46.926176,-98.122234
"BARNSTABLE County ,MA","BARNSTABLE County ,MA,41.699096,-70.320911",BARNSTABLE County ,MA,41.699096,-70.320911
"BARNWELL County ,SC","BARNWELL County ,SC,33.279925,-81.471839",BARNWELL County ,SC,33.279925,-81.471839
"BARREN County ,KY","BARREN County ,KY,36.967684,-85.848624",BARREN County ,KY,36.967684,-85.848624
"BARRON County ,WI","BARRON County ,WI,45.360757,-91.776948",BARRON County ,WI,45.360757,-91.776948
"BARROW County ,GA","BARROW County ,GA,34.014267,-83.698657",BARROW County ,GA,34.014267,-83.698657
"BARRY County ,MI","BARRY County ,MI,42.535432,-85.354965",BARRY County ,MI,42.535432,-85.354965
"BARRY County ,MO","BARRY County ,MO,36.634526,-93.824824",BARRY County ,MO,36.634526,-93.824824
"BARTHOLOMEW County ,IN","BARTHOLOMEW County ,IN,39.206801,-85.889555",BARTHOLOMEW County ,IN,39.206801,-85.889555
"BARTON County ,KS","BARTON County ,KS,38.361384,-98.765148",BARTON County ,KS,38.361384,-98.765148
"BARTON County ,MO","BARTON County ,MO,37.474879,-94.315422",BARTON County ,MO,37.474879,-94.315422
"BARTOW County ,GA","BARTOW County ,GA,34.266047,-84.815078",BARTOW County ,GA,34.266047,-84.815078
"BASTROP County ,TX","BASTROP County ,TX,30.045871,-97.351656",BASTROP County ,TX,30.045871,-97.351656
"BATES County ,MO","BATES County ,MO,38.321675,-94.315422",BATES County ,MO,38.321675,-94.315422
"BATH County ,KY","BATH County ,KY,38.106816,-83.719914",BATH County ,KY,38.106816,-83.719914
"BATH County ,VA","BATH County ,VA,38.111733,-79.650211",BATH County ,VA,38.111733,-79.650211
"BAXTER County ,AR","BAXTER County ,AR,36.326182,-92.381362",BAXTER County ,AR,36.326182,-92.381362
"BAY County ,FL","BAY County ,FL,30.180531,-85.684578",BAY County ,FL,30.180531,-85.684578
"BAY County ,MI","BAY County ,MI,43.710973,-84.016742",BAY County ,MI,43.710973,-84.016742
"BAYFIELD County ,WI","BAYFIELD County ,WI,46.665048,-91.122201",BAYFIELD County ,WI,46.665048,-91.122201
"BAYLOR County ,TX","BAYLOR County ,TX,33.537393,-99.278558",BAYLOR County ,TX,33.537393,-99.278558
"BEADLE County ,SD","BEADLE County ,SD,44.479735,-98.221298",BEADLE County ,SD,44.479735,-98.221298
"BEAR LAKE County ,ID","BEAR LAKE County ,ID,42.228222,-111.284503",BEAR LAKE County ,ID,42.228222,-111.284503
"BEAUFORT County ,NC","BEAUFORT County ,NC,35.46135,-76.91821",BEAUFORT County ,NC,35.46135,-76.91821
"BEAUFORT County ,SC","BEAUFORT County ,SC,32.28604,-80.721442",BEAUFORT County ,SC,32.28604,-80.721442
"BEAUREGARD County ,LA","BEAUREGARD County ,LA,30.761148,-93.338892",BEAUREGARD County ,LA,30.761148,-93.338892
"BEAVER County ,OK","BEAVER County ,OK,36.744019,-100.529611",BEAVER County ,OK,36.744019,-100.529611
"BEAVER County ,PA","BEAVER County ,PA,40.636781,-80.365865",BEAVER County ,PA,40.636781,-80.365865
"BEAVER County ,UT","BEAVER County ,UT,38.326638,-113.287085",BEAVER County ,UT,38.326638,-113.287085
"BEAVERHEAD County ,MT","BEAVERHEAD County ,MT,45.213512,-113.109305",BEAVERHEAD County ,MT,45.213512,-113.109305
"BECKER County ,MN","BECKER County ,MN,46.916463,-95.703656",BECKER County ,MN,46.916463,-95.703656
"BECKHAM County ,OK","BECKHAM County ,OK,35.268727,-99.634135",BECKHAM County ,OK,35.268727,-99.634135
"BEDFORD County ,PA","BEDFORD County ,PA,39.986955,-78.566085",BEDFORD County ,PA,39.986955,-78.566085
"BEDFORD County ,TN","BEDFORD County ,TN,35.470247,-86.459209",BEDFORD County ,TN,35.470247,-86.459209
"BEDFORD County ,VA","BEDFORD County ,VA,37.253879,-79.470389",BEDFORD County ,VA,37.253879,-79.470389
"BEE County ,TX","BEE County ,TX,28.362421,-97.698227",BEE County ,TX,28.362421,-97.698227
"BELKNAP County ,NH","BELKNAP County ,NH,43.502425,-71.407394",BELKNAP County ,NH,43.502425,-71.407394
"BELL County ,KY","BELL County ,KY,36.741122,-83.634843",BELL County ,KY,36.741122,-83.634843
"BELL County ,TX","BELL County ,TX,31.134411,-97.524724",BELL County ,TX,31.134411,-97.524724
"BELMONT County ,OH","BELMONT County ,OH,40.032585,-80.89865",BELMONT County ,OH,40.032585,-80.89865
"BELTRAMI County ,MN","BELTRAMI County ,MN,48.037004,-94.828924",BELTRAMI County ,MN,48.037004,-94.828924
"BEN HILL County ,GA","BEN HILL County ,GA,31.766404,-83.207764",BEN HILL County ,GA,31.766404,-83.207764
"BENEWAH County ,ID","BENEWAH County ,ID,47.243784,-116.649943",BENEWAH County ,ID,47.243784,-116.649943
"BENNETT County ,SD","BENNETT County ,SD,43.122358,-101.615777",BENNETT County ,SD,43.122358,-101.615777
"BENNINGTON County ,VT","BENNINGTON County ,VT,43.027875,-73.13496",BENNINGTON County ,VT,43.027875,-73.13496
"BENT County ,CO","BENT County ,CO,38.003634,-103.08179",BENT County ,CO,38.003634,-103.08179
"BENTON County ,AR","BENTON County ,AR,36.266152,-94.479976",BENTON County ,AR,36.266152,-94.479976
"BENTON County ,IA","BENTON County ,IA,42.138725,-92.06652",BENTON County ,IA,42.138725,-92.06652
"BENTON County ,IN","BENTON County ,IN,40.644786,-87.34136",BENTON County ,IN,40.644786,-87.34136
"BENTON County ,MN","BENTON County ,MN,45.721106,-93.973285",BENTON County ,MN,45.721106,-93.973285
"BENTON County ,MO","BENTON County ,MO,38.35346,-93.338892",BENTON County ,MO,38.35346,-93.338892
"BENTON County ,MS","BENTON County ,MS,34.771267,-89.1706",BENTON County ,MS,34.771267,-89.1706
"BENTON County ,OR","BENTON County ,OR,44.628169,-123.387388",BENTON County ,OR,44.628169,-123.387388
"BENTON County ,TN","BENTON County ,TN,36.117024,-88.050979",BENTON County ,TN,36.117024,-88.050979
"BENTON County ,WA","BENTON County ,WA,46.316636,-119.502158",BENTON County ,WA,46.316636,-119.502158
"BENZIE County ,MI","BENZIE County ,MI,44.645845,-86.037126",BENZIE County ,MI,44.645845,-86.037126
"BERGEN County ,NJ","BERGEN County ,NJ,40.926276,-74.07701",BERGEN County ,NJ,40.926276,-74.07701
"BERKELEY County ,SC","BERKELEY County ,SC,33.126062,-80.008775",BERKELEY County ,SC,33.126062,-80.008775
"BERKELEY County ,WV","BERKELEY County ,WV,39.48856,-78.065193",BERKELEY County ,WV,39.48856,-78.065193
"BERKS County ,PA","BERKS County ,PA,40.345157,-75.992765",BERKS County ,PA,40.345157,-75.992765
"BERKSHIRE County ,MA","BERKSHIRE County ,MA,42.311782,-73.182162",BERKSHIRE County ,MA,42.311782,-73.182162
"BERNALILLO County ,NM","BERNALILLO County ,NM,35.017785,-106.62913",BERNALILLO County ,NM,35.017785,-106.62913
"BERRIEN County ,GA","BERRIEN County ,GA,31.311854,-83.207764",BERRIEN County ,GA,31.311854,-83.207764
"BERRIEN County ,MI","BERRIEN County ,MI,42.032074,-86.741637",BERRIEN County ,MI,42.032074,-86.741637
"BERTIE County ,NC","BERTIE County ,NC,36.024519,-76.964306",BERTIE County ,NC,36.024519,-76.964306
"BETHEL County ,AK","BETHEL County ,AK,61.093446,-160.864077",BETHEL County ,AK,61.093446,-160.864077
"BEXAR County ,TX","BEXAR County ,TX,29.420076,-98.572102",BEXAR County ,TX,29.420076,-98.572102
"BIBB County ,AL","BIBB County ,AL,32.95628,-87.142289",BIBB County ,AL,32.95628,-87.142289
"BIBB County ,GA","BIBB County ,GA,32.786574,-83.719914",BIBB County ,GA,32.786574,-83.719914
"BIENVILLE County ,LA","BIENVILLE County ,LA,32.41074,-93.017571",BIENVILLE County ,LA,32.41074,-93.017571
"BIG HORN County ,MT","BIG HORN County ,MT,45.349657,-107.271577",BIG HORN County ,MT,45.349657,-107.271577
"BIG HORN County ,WY","BIG HORN County ,WY,44.603639,-108.094112",BIG HORN County ,WY,44.603639,-108.094112
"BIG STONE County ,MN","BIG STONE County ,MN,45.493205,-96.4724",BIG STONE County ,MN,45.493205,-96.4724
"BINGHAM County ,ID","BINGHAM County ,ID,43.21123,-112.362415",BINGHAM County ,ID,43.21123,-112.362415
"BLACK HAWK County ,IA","BLACK HAWK County ,IA,42.447804,-92.381362",BLACK HAWK County ,IA,42.447804,-92.381362
"BLACKFORD County ,IN","BLACKFORD County ,IN,40.499278,-85.313622",BLACKFORD County ,IN,40.499278,-85.313622
"BLADEN County ,NC","BLADEN County ,NC,34.58824,-78.566085",BLADEN County ,NC,34.58824,-78.566085
"BLAINE County ,ID","BLAINE County ,ID,43.474343,-113.966445",BLAINE County ,ID,43.474343,-113.966445
"BLAINE County ,MT","BLAINE County ,MT,48.60654,-108.946225",BLAINE County ,MT,48.60654,-108.946225
"BLAINE County ,OK","BLAINE County ,OK,35.882549,-98.396494",BLAINE County ,OK,35.882549,-98.396494
"BLAIR County ,PA","BLAIR County ,PA,40.453132,-78.384223",BLAIR County ,PA,40.453132,-78.384223
"BLANCO County ,TX","BLANCO County ,TX,30.350051,-98.396494",BLANCO County ,TX,30.350051,-98.396494
"BLAND County ,VA","BLAND County ,VA,37.092499,-81.119608",BLAND County ,VA,37.092499,-81.119608
"BLECKLEY County ,GA","BLECKLEY County ,GA,32.408785,-83.378939",BLECKLEY County ,GA,32.408785,-83.378939
"BLEDSOE County ,TN","BLEDSOE County ,TN,35.602886,-85.230841",BLEDSOE County ,TN,35.602886,-85.230841
"BLOUNT County ,AL","BLOUNT County ,AL,34.014515,-86.499655",BLOUNT County ,AL,34.014515,-86.499655
"BLOUNT County ,TN","BLOUNT County ,TN,35.671054,-83.847302",BLOUNT County ,TN,35.671054,-83.847302
"BLUE EARTH County ,MN","BLUE EARTH County ,MN,43.950513,-93.987843",BLUE EARTH County ,MN,43.950513,-93.987843
"BOISE County ,ID","BOISE County ,ID,43.960479,-115.856311",BOISE County ,ID,43.960479,-115.856311
"BOLIVAR County ,MS","BOLIVAR County ,MS,33.882996,-90.8294",BOLIVAR County ,MS,33.882996,-90.8294
"BOLLINGER County ,MO","BOLLINGER County ,MO,37.21156,-90.074677",BOLLINGER County ,MO,37.21156,-90.074677
"BON HOMME County ,SD","BON HOMME County ,SD,42.981484,-97.87216",BON HOMME County ,SD,42.981484,-97.87216
"BOND County ,IL","BOND County ,IL,38.902985,-89.474218",BOND County ,IL,38.902985,-89.474218
"BONNER County ,ID","BONNER County ,ID,48.275178,-116.593148",BONNER County ,ID,48.275178,-116.593148
"BONNEVILLE County ,ID","BONNEVILLE County ,ID,43.450868,-111.545529",BONNEVILLE County ,ID,43.450868,-111.545529
"BOONE County ,AR","BOONE County ,AR,36.311866,-93.017571",BOONE County ,AR,36.311866,-93.017571
"BOONE County ,IA","BOONE County ,IA,42.088175,-93.987843",BOONE County ,IA,42.088175,-93.987843
"BOONE County ,IL","BOONE County ,IL,42.348498,-88.826301",BOONE County ,IL,42.348498,-88.826301
"BOONE County ,IN","BOONE County ,IN,40.010616,-86.499655",BOONE County ,IN,40.010616,-86.499655
"BOONE County ,KY","BOONE County ,KY,38.994057,-84.731556",BOONE County ,KY,38.994057,-84.731556
"BOONE County ,MO","BOONE County ,MO,39.046855,-92.381362",BOONE County ,MO,39.046855,-92.381362
"BOONE County ,NE","BOONE County ,NE,41.717233,-98.046518",BOONE County ,NE,41.717233,-98.046518
"BOONE County ,WV","BOONE County ,WV,37.983861,-81.734942",BOONE County ,WV,37.983861,-81.734942
"BOSQUE County ,TX","BOSQUE County ,TX,31.850761,-97.698227",BOSQUE County ,TX,31.850761,-97.698227
"BOSSIER County ,LA","BOSSIER County ,LA,32.755132,-93.662324",BOSSIER County ,LA,32.755132,-93.662324
"BOTETOURT County ,VA","BOTETOURT County ,VA,37.577461,-79.784842",BOTETOURT County ,VA,37.577461,-79.784842
"BOTTINEAU County ,ND","BOTTINEAU County ,ND,48.782073,-100.748634",BOTTINEAU County ,ND,48.782073,-100.748634
"BOULDER County ,CO","BOULDER County ,CO,40.151211,-105.500548",BOULDER County ,CO,40.151211,-105.500548
"BOUNDARY County ,ID","BOUNDARY County ,ID,48.798762,-116.562706",BOUNDARY County ,ID,48.798762,-116.562706
"BOURBON County ,KS","BOURBON County ,KS,37.795709,-94.810595",BOURBON County ,KS,37.795709,-94.810595
"BOURBON County ,KY","BOURBON County ,KY,38.217075,-84.22788",BOURBON County ,KY,38.217075,-84.22788
"BOWIE County ,TX","BOWIE County ,TX,33.447329,-94.479976",BOWIE County ,TX,33.447329,-94.479976
"BOWMAN County ,ND","BOWMAN County ,ND,46.094546,-103.556038",BOWMAN County ,ND,46.094546,-103.556038
"BOX BUTTE County ,NE","BOX BUTTE County ,NE,42.191147,-103.08179",BOX BUTTE County ,NE,42.191147,-103.08179
"BOX ELDER County ,UT","BOX ELDER County ,UT,41.538009,-113.191802",BOX ELDER County ,UT,41.538009,-113.191802
"BOYD County ,KY","BOYD County ,KY,38.383327,-82.691543",BOYD County ,KY,38.383327,-82.691543
"BOYLE County ,KY","BOYLE County ,KY,37.652603,-84.815078",BOYLE County ,KY,37.652603,-84.815078
"BRACKEN County ,KY","BRACKEN County ,KY,38.711702,-84.059029",BRACKEN County ,KY,38.711702,-84.059029
"BRADFORD County ,FL","BRADFORD County ,FL,29.972382,-82.171363",BRADFORD County ,FL,29.972382,-82.171363
"BRADFORD County ,PA","BRADFORD County ,PA,41.83625,-76.548823",BRADFORD County ,PA,41.83625,-76.548823
"BRADLEY County ,AR","BRADLEY County ,AR,33.508137,-92.223667",BRADLEY County ,AR,33.508137,-92.223667
"BRADLEY County ,TN","BRADLEY County ,TN,35.193778,-84.856793",BRADLEY County ,TN,35.193778,-84.856793
"BRANCH County ,MI","BRANCH County ,MI,41.891384,-85.023346",BRANCH County ,MI,41.891384,-85.023346
"BRANTLEY County ,GA","BRANTLEY County ,GA,31.151096,-81.997111",BRANTLEY County ,GA,31.151096,-81.997111
"BRAXTON County ,WV","BRAXTON County ,WV,38.702337,-80.721442",BRAXTON County ,WV,38.702337,-80.721442
"BRAZORIA County ,TX","BRAZORIA County ,TX,29.213186,-95.477781",BRAZORIA County ,TX,29.213186,-95.477781
"BRAZOS County ,TX","BRAZOS County ,TX,30.650414,-96.322607",BRAZOS County ,TX,30.650414,-96.322607
"BREATHITT County ,KY","BREATHITT County ,KY,37.535962,-83.336188",BREATHITT County ,KY,37.535962,-83.336188
"BRECKINRIDGE County ,KY","BRECKINRIDGE County ,KY,37.7982,-86.459209",BRECKINRIDGE County ,KY,37.7982,-86.459209
"BREMER County ,IA","BREMER County ,IA,42.761082,-92.381362",BREMER County ,IA,42.761082,-92.381362
"BREVARD County ,FL","BREVARD County ,FL,28.263933,-80.721442",BREVARD County ,FL,28.263933,-80.721442
"BREWSTER County ,TX","BREWSTER County ,TX,29.662994,-103.358729",BREWSTER County ,TX,29.662994,-103.358729
"BRISTOL County ,MA","BRISTOL County ,MA,41.793841,-71.144852",BRISTOL County ,MA,41.793841,-71.144852
"BRISTOL County ,RI","BRISTOL County ,RI,41.725789,-71.311177",BRISTOL County ,RI,41.725789,-71.311177
"BRISTOL County ,VA","BRISTOL County ,VA,37.092947,-82.345189",BRISTOL County ,VA,37.092947,-82.345189
"BROADWATER County ,MT","BROADWATER County ,MT,46.269373,-111.451972",BROADWATER County ,MT,46.269373,-111.451972
"BRONX County ,NY","BRONX County ,NY,40.83705,-73.865429",BRONX County ,NY,40.83705,-73.865429
"BROOKE County ,WV","BROOKE County ,WV,40.269776,-80.566066",BROOKE County ,WV,40.269776,-80.566066
"BROOKINGS County ,SD","BROOKINGS County ,SD,44.421159,-96.8351",BROOKINGS County ,SD,44.421159,-96.8351
"BROOKS County ,GA","BROOKS County ,GA,30.873016,-83.549657",BROOKS County ,GA,30.873016,-83.549657
"BROOKS County ,TX","BROOKS County ,TX,27.027306,-98.221298",BROOKS County ,TX,27.027306,-98.221298
"BROOME County ,NY","BROOME County ,NY,42.179187,-75.853395",BROOME County ,NY,42.179187,-75.853395
"BROOMFIELD County ,CO","BROOMFIELD County ,CO,39.942015,-105.044052",BROOMFIELD County ,CO,39.942015,-105.044052
"BROWARD County ,FL","BROWARD County ,FL,26.190096,-80.365865",BROWARD County ,FL,26.190096,-80.365865
"BROWN County ,IL","BROWN County ,IL,39.937957,-90.715275",BROWN County ,IL,39.937957,-90.715275
"BROWN County ,IN","BROWN County ,IN,39.174973,-86.175176",BROWN County ,IN,39.174973,-86.175176
"BROWN County ,KS","BROWN County ,KS,39.770047,-95.477781",BROWN County ,KS,39.770047,-95.477781
"BROWN County ,MN","BROWN County ,MN,44.229438,-94.645035",BROWN County ,MN,44.229438,-94.645035
"BROWN County ,OH","BROWN County ,OH,38.930034,-83.869923",BROWN County ,OH,38.930034,-83.869923
"BROWN County ,SD","BROWN County ,SD,45.758152,-98.254265",BROWN County ,SD,45.758152,-98.254265
"BROWN County ,TX","BROWN County ,TX,31.770511,-98.924534",BROWN County ,TX,31.770511,-98.924534
"BROWN County ,WI","BROWN County ,WI,44.456167,-87.93348",BROWN County ,WI,44.456167,-87.93348
"BRULE County ,SD","BRULE County ,SD,43.657252,-99.10135",BRULE County ,SD,43.657252,-99.10135
"BRUNSWICK County ,NC","BRUNSWICK County ,NC,34.02754,-78.202039",BRUNSWICK County ,NC,34.02754,-78.202039
"BRUNSWICK County ,VA","BRUNSWICK County ,VA,36.757059,-77.836728",BRUNSWICK County ,VA,36.757059,-77.836728
"BRYAN County ,GA","BRYAN County ,GA,32.023658,-81.471839",BRYAN County ,GA,32.023658,-81.471839
"BRYAN County ,OK","BRYAN County ,OK,33.902127,-96.322607",BRYAN County ,OK,33.902127,-96.322607
"BUCHANAN County ,IA","BUCHANAN County ,IA,42.456601,-91.909924",BUCHANAN County ,IA,42.456601,-91.909924
"BUCHANAN County ,MO","BUCHANAN County ,MO,39.634979,-94.810595",BUCHANAN County ,MO,39.634979,-94.810595
"BUCHANAN County ,VA","BUCHANAN County ,VA,37.240313,-81.997111",BUCHANAN County ,VA,37.240313,-81.997111
"BUCKINGHAM County ,VA","BUCKINGHAM County ,VA,37.507008,-78.566085",BUCKINGHAM County ,VA,37.507008,-78.566085
"BUCKS County ,PA","BUCKS County ,PA,40.410796,-75.247906",BUCKS County ,PA,40.410796,-75.247906
"BUENA VISTA CITY County ,VA","BUENA VISTA CITY County ,VA,37.7343,-79.353924",BUENA VISTA CITY County ,VA,37.7343,-79.353924
"BUENA VISTA County ,IA","BUENA VISTA County ,IA,42.670545,-95.143207",BUENA VISTA County ,IA,42.670545,-95.143207
"BUFFALO County ,NE","BUFFALO County ,NE,40.841022,-99.10135",BUFFALO County ,NE,40.841022,-99.10135
"BUFFALO County ,WI","BUFFALO County ,WI,44.310235,-91.753882",BUFFALO County ,WI,44.310235,-91.753882
"BULLITT County ,KY","BULLITT County ,KY,37.984211,-85.684578",BULLITT County ,KY,37.984211,-85.684578
"BULLOCH County ,GA","BULLOCH County ,GA,32.359568,-81.778702",BULLOCH County ,GA,32.359568,-81.778702
"BULLOCK County ,AL","BULLOCK County ,AL,32.057354,-85.725637",BULLOCK County ,AL,32.057354,-85.725637
"BUNCOMBE County ,NC","BUNCOMBE County ,NC,35.593138,-82.475276",BUNCOMBE County ,NC,35.593138,-82.475276
"BUREAU County ,IL","BUREAU County ,IL,41.359916,-89.474218",BUREAU County ,IL,41.359916,-89.474218
"BURKE County ,GA","BURKE County ,GA,33.088805,-81.953482",BURKE County ,GA,33.088805,-81.953482
"BURKE County ,NC","BURKE County ,NC,35.761693,-81.734942",BURKE County ,NC,35.761693,-81.734942
"BURKE County ,ND","BURKE County ,ND,48.770438,-102.463369",BURKE County ,ND,48.770438,-102.463369
"BURLEIGH County ,ND","BURLEIGH County ,ND,47.044855,-100.504968",BURLEIGH County ,ND,47.044855,-100.504968
"BURLESON County ,TX","BURLESON County ,TX,30.450026,-96.663812",BURLESON County ,TX,30.450026,-96.663812
"BURLINGTON County ,NJ","BURLINGTON County ,NJ,39.855849,-74.686882",BURLINGTON County ,NJ,39.855849,-74.686882
"BURNET County ,TX","BURNET County ,TX,30.727035,-98.221298",BURNET County ,TX,30.727035,-98.221298
"BURNETT County ,WI","BURNETT County ,WI,45.805119,-92.288813",BURNETT County ,WI,45.805119,-92.288813
"BURT County ,NE","BURT County ,NE,41.825206,-96.322607",BURT County ,NE,41.825206,-96.322607
"BUTLER County ,AL","BUTLER County ,AL,31.676028,-86.661108",BUTLER County ,AL,31.676028,-86.661108
"BUTLER County ,IA","BUTLER County ,IA,42.750219,-92.85771",BUTLER County ,IA,42.750219,-92.85771
"BUTLER County ,KS","BUTLER County ,KS,37.864944,-96.8351",BUTLER County ,KS,37.864944,-96.8351
"BUTLER County ,KY","BUTLER County ,KY,37.20864,-86.701389",BUTLER County ,KY,37.20864,-86.701389
"BUTLER County ,MO","BUTLER County ,MO,36.695134,-90.374835",BUTLER County ,MO,36.695134,-90.374835
"BUTLER County ,NE","BUTLER County ,NE,41.137573,-97.179026",BUTLER County ,NE,41.137573,-97.179026
"BUTLER County ,OH","BUTLER County ,OH,39.440463,-84.522219",BUTLER County ,OH,39.440463,-84.522219
"BUTLER County ,PA","BUTLER County ,PA,40.911524,-79.829674",BUTLER County ,PA,40.911524,-79.829674
"BUTTE County ,CA","BUTTE County ,CA,39.644591,-121.554306",BUTTE County ,CA,39.644591,-121.554306
"BUTTE County ,ID","BUTTE County ,ID,43.64482,-113.184138",BUTTE County ,ID,43.64482,-113.184138
"BUTTE County ,SD","BUTTE County ,SD,44.925199,-103.700893",BUTTE County ,SD,44.925199,-103.700893
"BUTTS County ,GA","BUTTS County ,GA,33.269144,-83.953257",BUTTS County ,GA,33.269144,-83.953257
"CABARRUS County ,NC","CABARRUS County ,NC,35.416812,-80.58828",CABARRUS County ,NC,35.416812,-80.58828
"CABELL County ,WV","CABELL County ,WV,38.439193,-82.25833",CABELL County ,WV,38.439193,-82.25833
"CACHE County ,UT","CACHE County ,UT,41.756003,-111.761466",CACHE County ,UT,41.756003,-111.761466
"CADDO County ,LA","CADDO County ,LA,32.61368,-93.86553",CADDO County ,LA,32.61368,-93.86553
"CADDO County ,OK","CADDO County ,OK,35.10556,-98.308844",CADDO County ,OK,35.10556,-98.308844
"CALAVERAS County ,CA","CALAVERAS County ,CA,38.196048,-120.680504",CALAVERAS County ,CA,38.196048,-120.680504
"CALCASIEU County ,LA","CALCASIEU County ,LA,30.208929,-93.338892",CALCASIEU County ,LA,30.208929,-93.338892
"CALDWELL County ,KY","CALDWELL County ,KY,37.150102,-87.894245",CALDWELL County ,KY,37.150102,-87.894245
"CALDWELL County ,LA","CALDWELL County ,LA,32.066972,-92.06652",CALDWELL County ,LA,32.066972,-92.06652
"CALDWELL County ,MO","CALDWELL County ,MO,39.666078,-93.987843",CALDWELL County ,MO,39.666078,-93.987843
"CALDWELL County ,NC","CALDWELL County ,NC,35.922745,-81.559643",CALDWELL County ,NC,35.922745,-81.559643
"CALDWELL County ,TX","CALDWELL County ,TX,29.884911,-97.669914",CALDWELL County ,TX,29.884911,-97.669914
"CALEDONIA County ,VT","CALEDONIA County ,VT,44.55051,-72.048191",CALEDONIA County ,VT,44.55051,-72.048191
"CALHOUN County ,AL","CALHOUN County ,AL,33.770158,-85.80766",CALHOUN County ,AL,33.770158,-85.80766
"CALHOUN County ,AR","CALHOUN County ,AR,33.502089,-92.539603",CALHOUN County ,AR,33.502089,-92.539603
"CALHOUN County ,FL","CALHOUN County ,FL,30.34753,-85.189405",CALHOUN County ,FL,30.34753,-85.189405
"CALHOUN County ,GA","CALHOUN County ,GA,31.562178,-84.647912",CALHOUN County ,GA,31.562178,-84.647912
"CALHOUN County ,IA","CALHOUN County ,IA,42.37859,-94.645035",CALHOUN County ,IA,42.37859,-94.645035
"CALHOUN County ,IL","CALHOUN County ,IL,39.173322,-90.658333",CALHOUN County ,IL,39.173322,-90.658333
"CALHOUN County ,MI","CALHOUN County ,MI,42.207391,-85.023346",CALHOUN County ,MI,42.207391,-85.023346
"CALHOUN County ,MS","CALHOUN County ,MS,33.883922,-89.322695",CALHOUN County ,MS,33.883922,-89.322695
"CALHOUN County ,SC","CALHOUN County ,SC,33.673864,-80.76578",CALHOUN County ,SC,33.673864,-80.76578
"CALHOUN County ,TX","CALHOUN County ,TX,28.416937,-96.663812",CALHOUN County ,TX,28.416937,-96.663812
"CALHOUN County ,WV","CALHOUN County ,WV,38.857973,-81.119608",CALHOUN County ,WV,38.857973,-81.119608
"CALLAHAN County ,TX","CALLAHAN County ,TX,32.272812,-99.456155",CALLAHAN County ,TX,32.272812,-99.456155
"CALLAWAY County ,MO","CALLAWAY County ,MO,38.888604,-91.909924",CALLAWAY County ,MO,38.888604,-91.909924
"CALLOWAY County ,KY","CALLOWAY County ,KY,36.640277,-88.285042",CALLOWAY County ,KY,36.640277,-88.285042
"CALUMET County ,WI","CALUMET County ,WI,44.158608,-88.246118",CALUMET County ,WI,44.158608,-88.246118
"CALVERT County ,MD","CALVERT County ,MD,38.49495,-76.502574",CALVERT County ,MD,38.49495,-76.502574
"CAMAS County ,ID","CAMAS County ,ID,43.509369,-114.824366",CAMAS County ,ID,43.509369,-114.824366
"CAMBRIA County ,PA","CAMBRIA County ,PA,40.489423,-78.747621",CAMBRIA County ,PA,40.489423,-78.747621
"CAMDEN County ,GA","CAMDEN County ,GA,30.898276,-81.603506",CAMDEN County ,GA,30.898276,-81.603506
"CAMDEN County ,MO","CAMDEN County ,MO,38.032294,-92.698387",CAMDEN County ,MO,38.032294,-92.698387
"CAMDEN County ,NC","CAMDEN County ,NC,36.260056,-76.039191",CAMDEN County ,NC,36.260056,-76.039191
"CAMDEN County ,NJ","CAMDEN County ,NJ,39.859244,-75.014382",CAMDEN County ,NJ,39.859244,-75.014382
"CAMERON County ,LA","CAMERON County ,LA,29.843444,-93.177966",CAMERON County ,LA,29.843444,-93.177966
"CAMERON County ,PA","CAMERON County ,PA,41.426156,-78.156443",CAMERON County ,PA,41.426156,-78.156443
"CAMERON County ,TX","CAMERON County ,TX,26.128497,-97.524724",CAMERON County ,TX,26.128497,-97.524724
"CAMP County ,TX","CAMP County ,TX,32.956704,-94.997446",CAMP County ,TX,32.956704,-94.997446
"CAMPBELL County ,KY","CAMPBELL County ,KY,38.895189,-84.396253",CAMPBELL County ,KY,38.895189,-84.396253
"CAMPBELL County ,SD","CAMPBELL County ,SD,45.84151,-100.067671",CAMPBELL County ,SD,45.84151,-100.067671
"CAMPBELL County ,TN","CAMPBELL County ,TN,36.381733,-84.185712",CAMPBELL County ,TN,36.381733,-84.185712
"CAMPBELL County ,VA","CAMPBELL County ,VA,37.221014,-79.10969",CAMPBELL County ,VA,37.221014,-79.10969
"CAMPBELL County ,WY","CAMPBELL County ,WY,44.395611,-105.448918",CAMPBELL County ,WY,44.395611,-105.448918
"CANADIAN County ,OK","CANADIAN County ,OK,35.559378,-98.046518",CANADIAN County ,OK,35.559378,-98.046518
"CANDLER County ,GA","CANDLER County ,GA,32.42418,-82.08429",CANDLER County ,GA,32.42418,-82.08429
"CANNON County ,TN","CANNON County ,TN,35.807032,-86.05296",CANNON County ,TN,35.807032,-86.05296
"CANYON County ,ID","CANYON County ,ID,43.677958,-116.686543",CANYON County ,ID,43.677958,-116.686543
"CAPE GIRARDEAU County ,MO","CAPE GIRARDEAU County ,MO,37.382132,-89.625165",CAPE GIRARDEAU County ,MO,37.382132,-89.625165
"CAPE MAY County ,NJ","CAPE MAY County ,NJ,39.105884,-74.827318",CAPE MAY County ,NJ,39.105884,-74.827318
"CARBON County ,MT","CARBON County ,MT,45.28202,-109.100255",CARBON County ,MT,45.28202,-109.100255
"CARBON County ,PA","CARBON County ,PA,40.901975,-75.667356",CARBON County ,PA,40.901975,-75.667356
"CARBON County ,UT","CARBON County ,UT,39.647981,-110.616892",CARBON County ,UT,39.647981,-110.616892
"CARBON County ,WY","CARBON County ,WY,41.603221,-106.912251",CARBON County ,WY,41.603221,-106.912251
"CARIBOU County ,ID","CARIBOU County ,ID,42.753868,-111.666072",CARIBOU County ,ID,42.753868,-111.666072
"CARLISLE County ,KY","CARLISLE County ,KY,36.820669,-88.979678",CARLISLE County ,KY,36.820669,-88.979678
"CARLTON County ,MN","CARLTON County ,MN,46.561925,-92.684723",CARLTON County ,MN,46.561925,-92.684723
"CAROLINE County ,MD","CAROLINE County ,MD,38.910502,-75.853395",CAROLINE County ,MD,38.910502,-75.853395
"CAROLINE County ,VA","CAROLINE County ,VA,38.044556,-77.286488",CAROLINE County ,VA,38.044556,-77.286488
"CARROLL County ,AR","CARROLL County ,AR,36.29875,-93.500345",CARROLL County ,AR,36.29875,-93.500345
"CARROLL County ,GA","CARROLL County ,GA,33.564224,-85.064907",CARROLL County ,GA,33.564224,-85.064907
"CARROLL County ,IA","CARROLL County ,IA,42.056691,-94.810595",CARROLL County ,IA,42.056691,-94.810595
"CARROLL County ,IL","CARROLL County ,IL,42.038584,-89.96268",CARROLL County ,IL,42.038584,-89.96268
"CARROLL County ,IN","CARROLL County ,IN,40.542415,-86.540067",CARROLL County ,IN,40.542415,-86.540067
"CARROLL County ,KY","CARROLL County ,KY,38.674836,-85.064907",CARROLL County ,KY,38.674836,-85.064907
"CARROLL County ,MD","CARROLL County ,MD,39.542342,-77.056446",CARROLL County ,MD,39.542342,-77.056446
"CARROLL County ,MO","CARROLL County ,MO,39.516657,-93.500345",CARROLL County ,MO,39.516657,-93.500345
"CARROLL County ,MS","CARROLL County ,MS,33.527985,-89.925323",CARROLL County ,MS,33.527985,-89.925323
"CARROLL County ,NH","CARROLL County ,NH,43.812821,-71.250607",CARROLL County ,NH,43.812821,-71.250607
"CARROLL County ,OH","CARROLL County ,OH,40.532833,-81.075466",CARROLL County ,OH,40.532833,-81.075466
"CARROLL County ,TN","CARROLL County ,TN,35.991719,-88.401604",CARROLL County ,TN,35.991719,-88.401604
"CARROLL County ,VA","CARROLL County ,VA,36.67787,-80.721442",CARROLL County ,VA,36.67787,-80.721442
"CARSON CITY County ,NV","CARSON CITY County ,NV,33.801652,-118.190723",CARSON CITY County ,NV,33.801652,-118.190723
"CARSON County ,TX","CARSON County ,TX,35.457872,-101.433915",CARSON County ,TX,35.457872,-101.433915
"CARTER County ,KY","CARTER County ,KY,38.320471,-83.036138",CARTER County ,KY,38.320471,-83.036138
"CARTER County ,MO","CARTER County ,MO,36.907373,-90.943847",CARTER County ,MO,36.907373,-90.943847
"CARTER County ,OK","CARTER County ,OK,34.199625,-97.351656",CARTER County ,OK,34.199625,-97.351656
"CARTER County ,TN","CARTER County ,TN,36.26386,-82.12784",CARTER County ,TN,36.26386,-82.12784
"CARTERET County ,NC","CARTERET County ,NC,34.901926,-76.548823",CARTERET County ,NC,34.901926,-76.548823
"CARVER County ,MN","CARVER County ,MN,44.825431,-93.78415",CARVER County ,MN,44.825431,-93.78415
"CASCADE County ,MT","CASCADE County ,MT,47.468836,-111.545323",CASCADE County ,MT,47.468836,-111.545323
"CASEY County ,KY","CASEY County ,KY,37.315745,-84.898478",CASEY County ,KY,37.315745,-84.898478
"CASS County ,IA","CASS County ,IA,41.253807,-94.976654",CASS County ,IA,41.253807,-94.976654
"CASS County ,IL","CASS County ,IL,39.93986,-90.262004",CASS County ,IL,39.93986,-90.262004
"CASS County ,IN","CASS County ,IN,40.819909,-86.337676",CASS County ,IN,40.819909,-86.337676
"CASS County ,MI","CASS County ,MI,41.929916,-86.012157",CASS County ,MI,41.929916,-86.012157
"CASS County ,MN","CASS County ,MN,47.214454,-94.230917",CASS County ,MN,47.214454,-94.230917
"CASS County ,MO","CASS County ,MO,38.657445,-94.315422",CASS County ,MO,38.657445,-94.315422
"CASS County ,ND","CASS County ,ND,47.071168,-97.121558",CASS County ,ND,47.071168,-97.121558
"CASS County ,NE","CASS County ,NE,40.875553,-96.152699",CASS County ,NE,40.875553,-96.152699
"CASS County ,TX","CASS County ,TX,33.094434,-94.315422",CASS County ,TX,33.094434,-94.315422
"CASSIA County ,ID","CASSIA County ,ID,42.358036,-113.57285",CASSIA County ,ID,42.358036,-113.57285
"CASTRO County ,TX","CASTRO County ,TX,34.498505,-102.346387",CASTRO County ,TX,34.498505,-102.346387
"CASWELL County ,NC","CASWELL County ,NC,36.386022,-79.290213",CASWELL County ,NC,36.386022,-79.290213
"CATAHOULA County ,LA","CATAHOULA County ,LA,31.705308,-91.909924",CATAHOULA County ,LA,31.705308,-91.909924
"CATAWBA County ,NC","CATAWBA County ,NC,35.684075,-81.251883",CATAWBA County ,NC,35.684075,-81.251883
"CATOOSA County ,GA","CATOOSA County ,GA,34.898173,-85.147936",CATOOSA County ,GA,34.898173,-85.147936
"CATRON County ,NM","CATRON County ,NM,34.151517,-108.427605",CATRON County ,NM,34.151517,-108.427605
"CATTARAUGUS County ,NY","CATTARAUGUS County ,NY,42.231813,-78.747621",CATTARAUGUS County ,NY,42.231813,-78.747621
"CAVALIER County ,ND","CAVALIER County ,ND,48.810375,-98.478111",CAVALIER County ,ND,48.810375,-98.478111
"CAYUGA County ,NY","CAYUGA County ,NY,42.765523,-76.548823",CAYUGA County ,NY,42.765523,-76.548823
"CECIL County ,MD","CECIL County ,MD,39.57394,-75.946324",CECIL County ,MD,39.57394,-75.946324
"CEDAR County ,IA","CEDAR County ,IA,41.834615,-91.135302",CEDAR County ,IA,41.834615,-91.135302
"CEDAR County ,MO","CEDAR County ,MO,37.703121,-93.86553",CEDAR County ,MO,37.703121,-93.86553
"CEDAR County ,NE","CEDAR County ,NE,42.561032,-97.179026",CEDAR County ,NE,42.561032,-97.179026
"CENTRE County ,PA","CENTRE County ,PA,40.876565,-77.836728",CENTRE County ,PA,40.876565,-77.836728
"CERRO GORDO County ,IA","CERRO GORDO County ,IA,43.154319,-93.202967",CERRO GORDO County ,IA,43.154319,-93.202967
"CHAFFEE County ,CO","CHAFFEE County ,CO,38.753668,-106.252214",CHAFFEE County ,CO,38.753668,-106.252214
"CHAMBERS County ,AL","CHAMBERS County ,AL,32.902805,-85.354965",CHAMBERS County ,AL,32.902805,-85.354965
"CHAMBERS County ,TX","CHAMBERS County ,TX,29.752496,-94.686378",CHAMBERS County ,TX,29.752496,-94.686378
"CHAMPAIGN County ,IL","CHAMPAIGN County ,IL,40.213887,-88.246118",CHAMPAIGN County ,IL,40.213887,-88.246118
"CHAMPAIGN County ,OH","CHAMPAIGN County ,OH,40.102582,-83.804868",CHAMPAIGN County ,OH,40.102582,-83.804868
"CHARITON County ,MO","CHARITON County ,MO,39.530152,-93.017571",CHARITON County ,MO,39.530152,-93.017571
"CHARLES CITY County ,VA","CHARLES CITY County ,VA,37.401822,-77.148516",CHARLES CITY County ,VA,37.401822,-77.148516
"CHARLES County ,MD","CHARLES County ,MD,38.522178,-77.10249",CHARLES County ,MD,38.522178,-77.10249
"CHARLES MIX County ,SD","CHARLES MIX County ,SD,43.098511,-98.396494",CHARLES MIX County ,SD,43.098511,-98.396494
"CHARLESTON County ,SC","CHARLESTON County ,SC,32.795656,-79.784842",CHARLESTON County ,SC,32.795656,-79.784842
"CHARLEVOIX County ,MI","CHARLEVOIX County ,MI,45.244217,-85.061904",CHARLEVOIX County ,MI,45.244217,-85.061904
"CHARLOTTE County ,FL","CHARLOTTE County ,FL,26.894601,-81.909826",CHARLOTTE County ,FL,26.894601,-81.909826
"CHARLOTTE County ,VA","CHARLOTTE County ,VA,37.046741,-78.6115",CHARLOTTE County ,VA,37.046741,-78.6115
"CHARLOTTESVILLE CITY County ,VA","CHARLOTTESVILLE CITY County ,VA,37.431573,-78.656894",CHARLOTTESVILLE CITY County ,VA,37.431573,-78.656894
"CHARLTON County ,GA","CHARLTON County ,GA,30.791736,-82.08429",CHARLTON County ,GA,30.791736,-82.08429
"CHASE County ,KS","CHASE County ,KS,38.300766,-96.578339",CHASE County ,KS,38.300766,-96.578339
"CHASE County ,NE","CHASE County ,NE,40.453132,-101.615777",CHASE County ,NE,40.453132,-101.615777